venue,batting_team,bowling_team,total_overs_played,first_inning_score,%
9.0,9,4,50.0,248.0,0.36619999999999997
1.0,0,5,50.0,226.0,0.5
4.0,6,7,50.0,240.0,0.4557
7.0,3,1,50.0,237.0,0.4183
2.0,4,8,50.0,244.0,0.4318
0.0,2,9,50.0,239.0,0.1923
9.0,0,1,50.0,248.0,0.5
6.0,3,5,50.0,304.0,0.5
4.0,6,9,50.0,240.0,0.5585
7.0,8,0,50.0,237.0,1.0
6.0,1,2,50.0,304.0,0.9523
2.0,3,7,50.0,244.0,0.6404000000000001
4.0,4,5,50.0,240.0,0.5
